Name,URL,Category,DA Estimate,Free/Paid,Notes,Status
Product Hunt,https://producthunt.com/posts/new,SaaS Launch,91,Free,Full launch post; see product-hunt.md for copy,Pending
Betalist,https://betalist.com/submit,Startup Discovery,55,Free,5-7 day review queue; position as early access,Pending
Startupbase,https://startupbase.io/submit,Startup Directory,38,Free,Simple form; one-line pitch,Pending
Launching Next,https://launchingnext.com/submit,Startup Directory,36,Free,Free listing; fill out all fields for best results,Pending
Startup Stash,https://startupstash.com/add-listing,Tools Directory,51,Free,Category: Business Intelligence / SaaS,Pending
Saasworthy,https://www.saasworthy.com/claim-listing,SaaS Directory,58,Free,Claim profile then add full description,Pending
G2,https://www.g2.com/products/new,Review Platform,92,Free,Requires 5+ reviews to show; priority listing,Pending
Capterra,https://www.capterra.com/vendors/sign-up,Review Platform,88,Free,"Free to list; paid for placement (skip paid tier)",Pending
GetApp,https://www.getapp.com/vendors/sign-up,Review Platform,82,Free,Sister site to Capterra; same account,Pending
Software Advice,https://www.softwareadvice.com/vendors,Review Platform,80,Free,Same Gartner network as Capterra,Pending
AlternativeTo,https://alternativeto.net/browse/search/?q=saas+comparison,Alternatives,73,Free,Add SaaSpare as alternative to G2 and Capterra,Pending
Slant.co,https://www.slant.co/,Tools Voting,44,Free,"Submit as option on 'best SaaS comparison sites'",Pending
There's an AI for That,https://theresanaiforthat.com/submit,AI/Tech Tools,61,Free,Covers AI-assisted tools; shortlist builder angle,Pending
Toolify,https://www.toolify.ai/submit-tool,AI Tools,45,Free,AI tool directory,Pending
Future Tools,https://www.futuretools.io/submit-a-tool,AI Tools,55,Free,Covers tech/AI adjacents,Pending
Fazier,https://fazier.com/launches/new,Startup Launch,32,Free,Daily launches similar to PH,Pending
Uneed,https://www.uneed.best/submit-a-tool,Tools Directory,40,Free,Community-voted weekly,Pending
MicroLaunch,https://microlaunch.net/submit,Indie Tools,35,Free,Indie maker community launch,Pending
Lobsters,https://lobste.rs,Developer Forum,72,Free,Submit the dev build post from devto-article.md,Pending
Hacker News,https://news.ycombinator.com/submit,Developer/Tech,93,Free,See hn-show.md; timing critical,Pending
Reddit r/entrepreneur,https://reddit.com/r/entrepreneur,Community,91,Free,See reddit-posts.md; requires account karma,Pending
Reddit r/SaaS,https://reddit.com/r/SaaS,Community,91,Free,See reddit-posts.md,Pending
Reddit r/smallbusiness,https://reddit.com/r/smallbusiness,Community,91,Free,See reddit-posts.md,Pending
Indie Hackers,https://www.indiehackers.com/new-post,Founder Community,72,Free,See indie-hackers.md,Pending
Dev.to,https://dev.to/new,Developer Blog,89,Free,Full technical post; see devto-article.md,Pending
Hashnode,https://hashnode.com/draft,Developer Blog,77,Free,Cross-post dev article with canonical pointing to saaspare.org,Pending
Medium,https://medium.com/new-story,General Blog,95,Free,Cross-post blog articles with canonical URL,Pending
Substack Notes,https://substack.com,Newsletter,80,Free,Post research data as a note,Pending
LinkedIn Articles,https://linkedin.com/post/new,Professional,98,Free,Publish pricing inflation angle as article,Pending
Quora,https://quora.com,Q&A,94,Free,"Answer 'best CRM comparison', 'honest SaaS reviews' etc",Pending
Quora Space,https://quora.com/spaces,Q&A,94,Free,Create or join SaaS Buyers space,Pending
SaaS Mag,https://saasmag.com/contact,Trade Publication,42,Free,Pitch the pricing inflation story as guest piece,Pending
SaaSGenics,https://saasgenics.com,SaaS Blog,33,Free,Guest post on buyer guides,Pending
The SaaS CFO,https://thesaascfo.com,Finance/SaaS,51,Free,Pitch pricing data to newsletter,Pending
Sidebar.io,https://sidebar.io/suggest,Design/Product,61,Free,Submit the research report page,Pending
AppSumo Deals,https://sell.appsumo.com,Deal Platform,74,Free,Stack Audit product listing opportunity,Pending
Clutch.co,https://clutch.co/providers/claim,B2B Directory,75,Free,List SaaSpare as a tool for SaaS research,Pending
SourceForge,https://sourceforge.net/user/register,Open Source Dir,84,Free,List as free tool,Pending
Trust Radius,https://www.trustradius.com/products/new,Review Platform,67,Free,Add product + encourage early reviews,Pending
Crozdesk,https://crozdesk.com/software/new,SaaS Directory,55,Free,Full description + category tags,Pending
