url,page_title,meta_description
/,Unbiased B2B Software Comparisons for Confident Decisions,"SaaSpare: Unbiased B2B software comparisons. Find real pricing, expert reviews, and recommendations for your business needs."
/privacy,SaaSpare Privacy Policy: How We Handle Your Data,Learn how SaaSpare protects your privacy. Read our complete privacy policy and data handling practices.
/contact,"Contact SaaSpare: Get in Touch for Feedback, Partnerships, or Support",Have questions or feedback? Contact SaaSpare directly. We'd love to hear from you about partnerships and support.
/shortlist,SaaSpare Shortlist Builder: Find the Right SaaS for Your Needs,Use SaaSpare's Shortlist Builder to compare and evaluate SaaS tools side-by-side. Build your perfect software stack.
/deal-radar,SaaSpare Deal Radar: Find Free Trials & Avoid SaaS Pricing Traps,"Discover SaaSpare Deal Radar: Track SaaS pricing changes, free trials, and exclusive discounts. Never overpay again."
/pages/ahrefs-vs-semrush-which-is-better-in-2026,Ahrefs vs. Semrush: Which SEO Tool Is Right for You? | SaaSpare,"Compare Ahrefs vs. Semrush in 2026: features, pricing, and performance. SaaSpare's unbiased verdict helps you choose the best SEO tool."
/pages/best-crm-for-startups-2026.html,Best CRM for Startups in 2026: Unbiased Comparisons & Pricing | SaaSpare,"Find the best CRM for your startup in 2026. SaaSpare delivers unbiased CRM comparisons, real pricing data, and expert recommendations."
/pages/hubspot-alternatives-2026-best-tools-compared.html,HubSpot Alternatives in 2026: Compare Top CRM Tools | SaaSpare,"Explore HubSpot alternatives in 2026. SaaSpare compares top CRM tools by features, pricing, and use case to find your best fit."
/pages/1password-vs-bitwarden-which-is-better-in-2026,1Password vs. Bitwarden in 2026: Which Password Manager Is Best? | SaaSpare,"Compare 1Password vs. Bitwarden in 2026: security, pricing, and features. SaaSpare's unbiased review helps you choose the best password manager."
/pages/best-ahrefs-alternatives-in-2026-free-paid,Best Ahrefs Alternatives in 2026: Free & Paid SEO Tools Compared | SaaSpare,"Discover the best Ahrefs alternatives in 2026. SaaSpare compares free and paid SEO tools by features, pricing, and performance."
/pages/best-semrush-alternatives-in-2026-free-paid,Best Semrush Alternatives in 2026: Features & Pricing Compared | SaaSpare,"Find the best Semrush alternatives in 2026. SaaSpare compares top SEO tools by features, pricing, and real-world performance."
/pages/ahrefs-pricing-2026-plans-costs-what-you-actually-pay,"Ahrefs Pricing 2026: Costs, Plans, & Is It Worth It? | SaaSpare","Ahrefs pricing in 2026: explore all plans, costs, and hidden fees. SaaSpare breaks down what you actually pay and if it's worth it."
/pages/semrush-free-trial-2026-how-to-get-it-step-by-step,Semrush Free Trial 2026: Get Started Step-by-Step | SaaSpare,"Get the Semrush free trial in 2026. SaaSpare's step-by-step guide shows you how to start, what's included, and how to maximize your trial."
/pages/freshbooks-pricing-2026-plans-costs-what-you-actually-pay,"FreshBooks Pricing 2026: Plans, Costs & Hidden Fees Explained | SaaSpare",FreshBooks pricing in 2026: compare all plans and costs. SaaSpare reveals hidden fees and helps you find the right accounting solution.
/pages/monday-com-pricing-2026-plans-costs-what-you-actually-pay,"Monday.com Pricing 2026: Plans, Costs, & Hidden Fees Explained | SaaSpare","Monday.com pricing in 2026: explore plans, costs, and hidden fees. SaaSpare's breakdown helps you budget and choose the right plan."
/pages/notion-alternatives-2026-best-tools-compared.html,Notion Alternatives in 2026: Best Tools Compared | SaaSpare,"Explore Notion alternatives in 2026. SaaSpare compares top productivity tools by features, pricing, and use case."
/pages/best-seo-tools-for-small-business-in-2026-ranked-reviewed,Best SEO Tools for Small Business in 2026: Ranked & Reviewed | SaaSpare,"Find the best SEO tools for small business in 2026. SaaSpare ranks and reviews affordable, effective tools to boost your organic traffic."
/pages/best-accounting-software-for-freelancers-in-2026,Best Accounting Software for Freelancers in 2026 | SaaSpare,"Discover the best accounting software for freelancers in 2026. SaaSpare compares tools by ease of use, pricing, and features."
/pages/salesforce-pricing-2026-plans-costs-what-you-actually-pay,"Salesforce Pricing 2026: Costs, Plans & Alternatives | SaaSpare","Salesforce pricing in 2026: explore plans, costs, and alternatives. SaaSpare helps you understand what you'll actually pay."
/pages/xero-pricing-2026-plans-costs-what-you-actually-pay,"Xero Pricing in 2026: Plans, Costs & Hidden Fees Explained | SaaSpare",Xero pricing in 2026: compare plans and costs. SaaSpare reveals hidden fees and helps you choose the right accounting software.
